sample,segment,segment_created,declared_volume,scan_id,scan_taken,scan_is_later_days,segment_bbox_zmax,declared_volume_z,z_overrun_px,volume_shape_z
PHerc0814,20250928235954,2025-09-28T23:59:54Z,20260309142202,20251206184543,2025-12-06T18:45:43.153960+00:00,68,16624.2,74568,-57943.8,74568
PHerc0139,20250223000000,2025-02-23T00:00:00Z,20260102150214,20251205005141,2025-12-05T00:51:41.661917+00:00,285,7313.82,76953,-69639.2,76953
PHerc0139,20250108000004,2025-01-08T00:00:04Z,20260102150214,20251205005141,2025-12-05T00:51:41.661917+00:00,331,7605.24,76953,-69347.8,76953
PHerc0139,20250831000000,2025-08-31T00:00:00Z,20260102150214,20251205005141,2025-12-05T00:51:41.661917+00:00,96,7444.77,76953,-69508.2,76953
PHerc0139,20250108000002,2025-01-08T00:00:02Z,20260102150214,20251205005141,2025-12-05T00:51:41.661917+00:00,331,7640.13,76953,-69312.9,76953
PHerc0139,20250108000005,2025-01-08T00:00:05Z,20260102150214,20251205005141,2025-12-05T00:51:41.661917+00:00,331,7601.16,76953,-69351.8,76953
PHerc0139,20250108000003,2025-01-08T00:00:03Z,20260102150214,20251205005141,2025-12-05T00:51:41.661917+00:00,331,7619.09,76953,-69333.9,76953
PHerc0139,20250108000000,2025-01-08T00:00:00Z,20260102150214,20251205005141,2025-12-05T00:51:41.661917+00:00,331,7374.4,76953,-69578.6,76953
PHerc0139,20250108000001,2025-01-08T00:00:01Z,20260102150214,20251205005141,2025-12-05T00:51:41.661917+00:00,331,7651.97,76953,-69301,76953
PHerc1447,20250502183421,2025-05-02T18:34:21.033620Z,20250521151220,20250509011039,2025-05-09T01:10:39.898839+00:00,6,24577.9,24297,280.902,24297
PHerc1447,20250502182142,2025-05-02T18:21:42.178975Z,20250521151220,20250509011039,2025-05-09T01:10:39.898839+00:00,6,23965.5,24297,-331.529,24297
PHerc1447,20250502185519,2025-05-02T18:55:19.895510Z,20250521151220,20250509011039,2025-05-09T01:10:39.898839+00:00,6,24685.3,24297,388.262,24297
PHerc1447,20250502205333,2025-05-02T20:53:33.415336Z,20250521151220,20250509011039,2025-05-09T01:10:39.898839+00:00,6,16015.6,24297,-8281.41,24297
PHerc1447,20250502182456,2025-05-02T18:24:56.839216Z,20250521151220,20250509011039,2025-05-09T01:10:39.898839+00:00,6,24972.6,24297,675.607,24297
PHerc1447,20250502183138,2025-05-02T18:31:38.696909Z,20250521151220,20250509011039,2025-05-09T01:10:39.898839+00:00,6,24148.4,24297,-148.559,24297
PHerc1447,20250502184845,2025-05-02T18:48:45.909110Z,20250521151220,20250509011039,2025-05-09T01:10:39.898839+00:00,6,24977.7,24297,680.664,24297
PHerc1447,20250502180748,2025-05-02T18:07:48.723027Z,20250521151220,20250509011039,2025-05-09T01:10:39.898839+00:00,6,24698.9,24297,401.9,24297
PHerc1447,20250502184658,2025-05-02T18:46:58.104233Z,20250521151220,20250509011039,2025-05-09T01:10:39.898839+00:00,6,24977.7,24297,680.717,24297
PHerc1447,20250502184201,2025-05-02T18:42:01.906258Z,20250521151220,20250509011039,2025-05-09T01:10:39.898839+00:00,6,24976.8,24297,679.83,24297
PHerc1447,20250502180708,2025-05-02T18:07:08.190352Z,20250521151220,20250509011039,2025-05-09T01:10:39.898839+00:00,6,24671.3,24297,374.338,24297
