sample,segment,stored_lo,marker_axes,original_volume_downscale,bbox_transformed_lo,scaled_stored_lo,exact_scaled_marker,overlap_ratio
PHercParis4,20260701183134,-1.0;-666.02734375;-1.0,xz,4,-4.0;-2664.109375;-4.0,-4.0;-2664.109375;-4.0,True,0.922693
PHercParis4,20260701183124,-1.0;-1.0;-1.0,xyz,4,-4.0;-4.0;-4.0,-4.0;-4.0;-4.0,True,0.999594
PHercParis4,20260701183139,-1.0;-936.521484375;-1.0,xz,4,-4.0;-3746.0859375;-4.0,-4.0;-3746.0859375;-4.0,True,0.892617
PHercParis4,20260701183145,-1.0;-1.0;-1.0,xyz,4,-4.0;-4.0;-4.0,-4.0;-4.0;-4.0,True,0.999686
PHercParis4,20260701183129,-1.0;-1.0;-1.0,xyz,4,-4.0;-4.0;-4.0,-4.0;-4.0;-4.0,True,0.999655
PHercParis4,20260701183140,-1.0;-1.0;-1.0,xyz,4,-4.0;-4.0;-4.0,-4.0;-4.0;-4.0,True,0.999686
PHercParis4,20260701183150,-1.0;-1.0;-1.0,xyz,4,-4.0;-4.0;-4.0,-4.0;-4.0;-4.0,True,0.999686
PHercParis4,20260701183147,-1.0;-281.29541015625;-1.0,xz,4,-4.0;-1125.181640625;-4.0,-4.0;-1125.181640625;-4.0,True,0.965793
PHercParis4,20260701183131,-1.0;-497.90478515625;-1.0,xz,4,-4.0;-1991.619140625;-4.0,-4.0;-1991.619140625;-4.0,True,0.938394
PHercParis4,20260701183144,-1.0;-1.0;-1.0,xyz,4,-4.0;-4.0;-4.0,-4.0;-4.0;-4.0,True,0.999683
PHercParis4,20260701183133,-1.0;-297.43408203125;-1.0,xz,4,-4.0;-1189.736328125;-4.0,-4.0;-1189.736328125;-4.0,True,0.962292
PHercParis4,20260701183132,-1.0;-668.7607421875;-1.0,xz,4,-4.0;-2675.04296875;-4.0,-4.0;-2675.04296875;-4.0,True,0.922545
PHercParis4,20260701183151,-1.0;-1.0;-1.0,xyz,4,-4.0;-4.0;-4.0,-4.0;-4.0;-4.0,True,0.999688
PHercParis4,20260701183137,-1.0;-752.13134765625;-1.0,xz,4,-4.0;-3008.525390625;-4.0,-4.0;-3008.525390625;-4.0,True,0.912119
PHercParis4,20260701183143,-1.0;-1.0;-1.0,xyz,4,-4.0;-4.0;-4.0,-4.0;-4.0;-4.0,True,0.99968
PHercParis4,20260701183146,-1.0;-1.0;-1.0,xyz,4,-4.0;-4.0;-4.0,-4.0;-4.0;-4.0,True,0.999685
PHercParis4,20260701183126,-1.0;-1.0;-1.0,xyz,4,-4.0;-4.0;-4.0,-4.0;-4.0;-4.0,True,0.999622
PHercParis4,20260701183135,-1.0;-819.134765625;-1.0,xz,4,-4.0;-3276.5390625;-4.0,-4.0;-3276.5390625;-4.0,True,0.905082
PHercParis4,20260701183138,-1.0;-248.04052734375;-1.0,xz,4,-4.0;-992.162109375;-4.0,-4.0;-992.162109375;-4.0,True,0.969199
PHercParis4,20260701183148,-1.0;-1.0;-1.0,xyz,4,-4.0;-4.0;-4.0,-4.0;-4.0;-4.0,True,0.999687
PHercParis4,20260701183130,-1.0;-1.0;-1.0,xyz,4,-4.0;-4.0;-4.0,-4.0;-4.0;-4.0,True,0.999659
PHercParis4,20260701183142,-1.0;-1.0;-1.0,xyz,4,-4.0;-4.0;-4.0,-4.0;-4.0;-4.0,True,0.999686
PHercParis4,20260701183141,-1.0;-1.0;-1.0,xyz,4,-4.0;-4.0;-4.0,-4.0;-4.0;-4.0,True,0.999686
PHercParis4,20260701183136,-1.0;-1.0;-1.0,xyz,4,-4.0;-4.0;-4.0,-4.0;-4.0;-4.0,True,0.99968
PHercParis4,20260701183127,-1.0;-1.0;-1.0,xyz,4,-4.0;-4.0;-4.0,-4.0;-4.0;-4.0,True,0.999641
PHercParis4,20260701183128,-1.0;-1.0;-1.0,xyz,4,-4.0;-4.0;-4.0,-4.0;-4.0;-4.0,True,0.99965
PHercParis4,20260701183149,-1.0;-367.69921875;-1.0,xz,4,-4.0;-1470.796875;-4.0,-4.0;-1470.796875;-4.0,True,0.955599
PHercParis4,20260701183125,-1.0;-1.0;-1.0,xyz,4,-4.0;-4.0;-4.0,-4.0;-4.0;-4.0,True,0.999614
